-- MySQL dump 10.13  Distrib 5.7.9, for Win64 (x86_64)
--
-- Host: localhost    Database: bebidas_v2
-- ------------------------------------------------------
-- Server version	5.6.31-log

/*!40101 SET @OLD_CHARACTER_SET_CLIENT=@@CHARACTER_SET_CLIENT */;
/*!40101 SET @OLD_CHARACTER_SET_RESULTS=@@CHARACTER_SET_RESULTS */;
/*!40101 SET @OLD_COLLATION_CONNECTION=@@COLLATION_CONNECTION */;
/*!40101 SET NAMES utf8 */;
/*!40103 SET @OLD_TIME_ZONE=@@TIME_ZONE */;
/*!40103 SET TIME_ZONE='+00:00' */;
/*!40014 SET @OLD_UNIQUE_CHECKS=@@UNIQUE_CHECKS, UNIQUE_CHECKS=0 */;
/*!40014 SET @OLD_FOREIGN_KEY_CHECKS=@@FOREIGN_KEY_CHECKS, FOREIGN_KEY_CHECKS=0 */;
/*!40101 SET @OLD_SQL_MODE=@@SQL_MODE, SQL_MODE='NO_AUTO_VALUE_ON_ZERO' */;
/*!40111 SET @OLD_SQL_NOTES=@@SQL_NOTES, SQL_NOTES=0 */;

--
-- Current Database: `bebidas_v2`
--

CREATE DATABASE /*!32312 IF NOT EXISTS*/ `bebidas_v2` /*!40100 DEFAULT CHARACTER SET utf8 */;

USE `bebidas_v2`;

--
-- Table structure for table `autocomplete`
--

DROP TABLE IF EXISTS `autocomplete`;
/*!40101 SET @saved_cs_client     = @@character_set_client */;
/*!40101 SET character_set_client = utf8 */;
CREATE TABLE `autocomplete` (
  `ID_AUTO` bigint(20) NOT NULL AUTO_INCREMENT,
  `TERMO` varchar(100) DEFAULT NULL,
  `NUM_RANK` bigint(20) DEFAULT NULL,
  PRIMARY KEY (`ID_AUTO`)
) ENGINE=InnoDB DEFAULT CHARSET=utf8;
/*!40101 SET character_set_client = @saved_cs_client */;

--
-- Dumping data for table `autocomplete`
--

LOCK TABLES `autocomplete` WRITE;
/*!40000 ALTER TABLE `autocomplete` DISABLE KEYS */;
/*!40000 ALTER TABLE `autocomplete` ENABLE KEYS */;
UNLOCK TABLES;

--
-- Table structure for table `bairros`
--

DROP TABLE IF EXISTS `bairros`;
/*!40101 SET @saved_cs_client     = @@character_set_client */;
/*!40101 SET character_set_client = utf8 */;
CREATE TABLE `bairros` (
  `COD_BAIRRO` int(11) NOT NULL AUTO_INCREMENT,
  `COD_CIDADE` int(11) DEFAULT NULL,
  `DESC_BAIRRO` text NOT NULL,
  PRIMARY KEY (`COD_BAIRRO`),
  KEY `FK_REFERENCE_21` (`COD_CIDADE`),
  CONSTRAINT `FK_REFERENCE_21` FOREIGN KEY (`COD_CIDADE`) REFERENCES `cidade` (`COD_CIDADE`)
) ENGINE=InnoDB AUTO_INCREMENT=37 DEFAULT CHARSET=utf8;
/*!40101 SET character_set_client = @saved_cs_client */;

--
-- Dumping data for table `bairros`
--

LOCK TABLES `bairros` WRITE;
/*!40000 ALTER TABLE `bairros` DISABLE KEYS */;
INSERT INTO `bairros` (`COD_BAIRRO`, `COD_CIDADE`, `DESC_BAIRRO`) VALUES (1,1,'Várzea'),(2,1,'Universitário'),(3,1,'Senai'),(4,1,'Schulz'),(5,1,'São João'),(6,1,'Santuário'),(7,1,'Santo Inácio'),(8,1,'Santo Antônio'),(9,1,'Santa Vitória'),(10,1,'Renascença'),(11,1,'Rauber'),(12,1,'Progresso'),(13,1,'Pedreira'),(14,1,'Monte Verde'),(15,1,'Margarida'),(16,1,'Linha Santa Cruz'),(17,1,'João Alves'),(18,1,'Jardim Europa'),(19,1,'Independência'),(20,1,'Higienópolis'),(21,1,'Goiás'),(22,1,'Germânia'),(23,1,'Faxinal Menino Deus'),(24,1,'Esmeralda'),(25,1,'Dona Carlota'),(26,1,'Distrito Industrial'),(27,1,'Country'),(28,1,'Centro'),(29,1,'Castelo Branco'),(30,1,'Bonfim'),(31,1,'Bom Jesus'),(32,1,'Belvedere'),(33,1,'Avenida'),(34,1,'Arroio Grande'),(35,1,'Ana Nery'),(36,1,'Aliança');
/*!40000 ALTER TABLE `bairros` ENABLE KEYS */;
UNLOCK TABLES;

--
-- Table structure for table `carrinho`
--

DROP TABLE IF EXISTS `carrinho`;
/*!40101 SET @saved_cs_client     = @@character_set_client */;
/*!40101 SET character_set_client = utf8 */;
CREATE TABLE `carrinho` (
  `ID_CARRINHO` bigint(20) NOT NULL,
  `ID_USUARIO` bigint(20) DEFAULT NULL,
  `COD_BAIRRO` int(11) DEFAULT NULL,
  `DATA_CRIACAO` datetime DEFAULT NULL,
  PRIMARY KEY (`ID_CARRINHO`),
  KEY `FK_REFERENCE_22` (`ID_USUARIO`),
  KEY `FK_REFERENCE_25` (`COD_BAIRRO`),
  CONSTRAINT `FK_REFERENCE_22` FOREIGN KEY (`ID_USUARIO`) REFERENCES `usuario` (`ID_USUARIO`),
  CONSTRAINT `FK_REFERENCE_25` FOREIGN KEY (`COD_BAIRRO`) REFERENCES `bairros` (`COD_BAIRRO`)
) ENGINE=InnoDB DEFAULT CHARSET=utf8;
/*!40101 SET character_set_client = @saved_cs_client */;

--
-- Dumping data for table `carrinho`
--

LOCK TABLES `carrinho` WRITE;
/*!40000 ALTER TABLE `carrinho` DISABLE KEYS */;
/*!40000 ALTER TABLE `carrinho` ENABLE KEYS */;
UNLOCK TABLES;

--
-- Table structure for table `carrinho_item`
--

DROP TABLE IF EXISTS `carrinho_item`;
/*!40101 SET @saved_cs_client     = @@character_set_client */;
/*!40101 SET character_set_client = utf8 */;
CREATE TABLE `carrinho_item` (
  `ID_CARRINHO` bigint(20) NOT NULL,
  `SEQ_ITEM` int(11) NOT NULL,
  `ID_PROD_DIST` bigint(20) DEFAULT NULL,
  `QTD` int(11) DEFAULT NULL,
  `VAL_PROD` decimal(12,2) DEFAULT NULL,
  PRIMARY KEY (`ID_CARRINHO`,`SEQ_ITEM`),
  KEY `FK_REFERENCE_24` (`ID_PROD_DIST`),
  CONSTRAINT `FK_REFERENCE_23` FOREIGN KEY (`ID_CARRINHO`) REFERENCES `carrinho` (`ID_CARRINHO`),
  CONSTRAINT `FK_REFERENCE_24` FOREIGN KEY (`ID_PROD_DIST`) REFERENCES `produtos_distribuidora` (`ID_PROD_DIST`)
) ENGINE=InnoDB DEFAULT CHARSET=utf8;
/*!40101 SET character_set_client = @saved_cs_client */;

--
-- Dumping data for table `carrinho_item`
--

LOCK TABLES `carrinho_item` WRITE;
/*!40000 ALTER TABLE `carrinho_item` DISABLE KEYS */;
/*!40000 ALTER TABLE `carrinho_item` ENABLE KEYS */;
UNLOCK TABLES;

--
-- Table structure for table `cidade`
--

DROP TABLE IF EXISTS `cidade`;
/*!40101 SET @saved_cs_client     = @@character_set_client */;
/*!40101 SET character_set_client = utf8 */;
CREATE TABLE `cidade` (
  `COD_CIDADE` int(11) NOT NULL AUTO_INCREMENT,
  `DESC_CIDADE` text NOT NULL,
  PRIMARY KEY (`COD_CIDADE`)
) ENGINE=InnoDB AUTO_INCREMENT=2 DEFAULT CHARSET=utf8;
/*!40101 SET character_set_client = @saved_cs_client */;

--
-- Dumping data for table `cidade`
--

LOCK TABLES `cidade` WRITE;
/*!40000 ALTER TABLE `cidade` DISABLE KEYS */;
INSERT INTO `cidade` (`COD_CIDADE`, `DESC_CIDADE`) VALUES (1,'Santa Cruz do Sul');
/*!40000 ALTER TABLE `cidade` ENABLE KEYS */;
UNLOCK TABLES;

--
-- Table structure for table `dias_semana`
--

DROP TABLE IF EXISTS `dias_semana`;
/*!40101 SET @saved_cs_client     = @@character_set_client */;
/*!40101 SET character_set_client = utf8 */;
CREATE TABLE `dias_semana` (
  `COD_DIA` int(11) NOT NULL AUTO_INCREMENT,
  `DESC_DIA` text,
  PRIMARY KEY (`COD_DIA`)
) ENGINE=InnoDB AUTO_INCREMENT=9 DEFAULT CHARSET=utf8;
/*!40101 SET character_set_client = @saved_cs_client */;

--
-- Dumping data for table `dias_semana`
--

LOCK TABLES `dias_semana` WRITE;
/*!40000 ALTER TABLE `dias_semana` DISABLE KEYS */;
INSERT INTO `dias_semana` (`COD_DIA`, `DESC_DIA`) VALUES (1,'Segunda-feira'),(2,'Terça-feira'),(3,'Quarta-feira'),(4,'Quinta-feira'),(5,'Sexta-feira'),(6,'Sábado'),(7,'Domingo'),(8,'Feriado/Especial');
/*!40000 ALTER TABLE `dias_semana` ENABLE KEYS */;
UNLOCK TABLES;

--
-- Table structure for table `distribuidora`
--

DROP TABLE IF EXISTS `distribuidora`;
/*!40101 SET @saved_cs_client     = @@character_set_client */;
/*!40101 SET character_set_client = utf8 */;
CREATE TABLE `distribuidora` (
  `ID_DISTRIBUIDORA` int(11) NOT NULL AUTO_INCREMENT,
  `COD_CIDADE` int(11) DEFAULT NULL,
  `DESC_RAZAO_SOCIAL` text,
  `DESC_NOME_ABREV` text,
  `VAL_ENTREGA_MIN` decimal(12,2) DEFAULT NULL,
  `DESC_TELEFONE` varchar(50) DEFAULT NULL,
  `DESC_ENDERECO` text,
  `NUM_ENDEREC` varchar(10) DEFAULT NULL,
  `DESC_COMPLEMENTO` text,
  `VAL_TELE_ENTREGA` decimal(12,2) DEFAULT NULL,
  `FLAG_CUSTOM` char(1) DEFAULT NULL,
  `DESC_LOGIN` varchar(45) DEFAULT NULL,
  `DESC_SENHA` varchar(45) DEFAULT NULL,
  `DESC_MAIL` text,
  `FLAG_ATIVO_MASTER` char(1) DEFAULT NULL,
  `FLAG_ATIVO` char(1) DEFAULT NULL,
  `FLAG_MODOPAGAMENTO` char(1) DEFAULT NULL,
  `DATE_LASTAJAX` datetime DEFAULT NULL,
  `flag_entre_ret` char(1) DEFAULT NULL,
  `PERC_PAGAMENTO` decimal(12,2) DEFAULT NULL,
  `TXT_OBS_HORA` text,
  PRIMARY KEY (`ID_DISTRIBUIDORA`),
  KEY `FK_REFERENCE_6` (`COD_CIDADE`),
  CONSTRAINT `FK_REFERENCE_6` FOREIGN KEY (`COD_CIDADE`) REFERENCES `cidade` (`COD_CIDADE`)
) ENGINE=InnoDB AUTO_INCREMENT=3 DEFAULT CHARSET=utf8;
/*!40101 SET character_set_client = @saved_cs_client */;

--
-- Dumping data for table `distribuidora`
--

LOCK TABLES `distribuidora` WRITE;
/*!40000 ALTER TABLE `distribuidora` DISABLE KEYS */;
INSERT INTO `distribuidora` (`ID_DISTRIBUIDORA`, `COD_CIDADE`, `DESC_RAZAO_SOCIAL`, `DESC_NOME_ABREV`, `VAL_ENTREGA_MIN`, `DESC_TELEFONE`, `DESC_ENDERECO`, `NUM_ENDEREC`, `DESC_COMPLEMENTO`, `VAL_TELE_ENTREGA`, `FLAG_CUSTOM`, `DESC_LOGIN`, `DESC_SENHA`, `DESC_MAIL`, `FLAG_ATIVO_MASTER`, `FLAG_ATIVO`, `FLAG_MODOPAGAMENTO`, `DATE_LASTAJAX`, `flag_entre_ret`, `PERC_PAGAMENTO`, `TXT_OBS_HORA`) VALUES (1,1,'Distribuidora Bêbados de Cair LTDA','Bêbeados de Cair',35.00,'051-999-8888','Rua Fundo da Garrafa','667','Fundos',5.00,'N','b','b','g.kothe@hotmail.com','S','S','A','2016-10-27 16:09:55','A',5.00,'z\\\\zx\\zxczccxz'),(2,1,'Distribuidora Ela Robou meu Caminhão LTDA','Roubou meu Caminhão',25.00,'051-883821234','Rua Sem o caminhão','143','Na árvore',6.50,'S','a','a','','S','F','A','2016-10-25 07:50:24','A',5.00,NULL);
/*!40000 ALTER TABLE `distribuidora` ENABLE KEYS */;
UNLOCK TABLES;

--
-- Table structure for table `distribuidora_bairro_entrega`
--

DROP TABLE IF EXISTS `distribuidora_bairro_entrega`;
/*!40101 SET @saved_cs_client     = @@character_set_client */;
/*!40101 SET character_set_client = utf8 */;
CREATE TABLE `distribuidora_bairro_entrega` (
  `ID_DISTR_BAIRRO` int(11) NOT NULL AUTO_INCREMENT,
  `COD_BAIRRO` int(11) NOT NULL,
  `ID_DISTRIBUIDORA` int(11) NOT NULL,
  `VAL_TELE_ENTREGA` decimal(12,2) DEFAULT NULL,
  `FLAG_TELEBAIRRO` char(1) DEFAULT NULL,
  PRIMARY KEY (`ID_DISTR_BAIRRO`),
  KEY `FK_REFERENCE_3` (`COD_BAIRRO`),
  KEY `FK_REFERENCE_4` (`ID_DISTRIBUIDORA`),
  CONSTRAINT `FK_REFERENCE_3` FOREIGN KEY (`COD_BAIRRO`) REFERENCES `bairros` (`COD_BAIRRO`),
  CONSTRAINT `FK_REFERENCE_4` FOREIGN KEY (`ID_DISTRIBUIDORA`) REFERENCES `distribuidora` (`ID_DISTRIBUIDORA`)
) ENGINE=InnoDB AUTO_INCREMENT=63 DEFAULT CHARSET=utf8;
/*!40101 SET character_set_client = @saved_cs_client */;

--
-- Dumping data for table `distribuidora_bairro_entrega`
--

LOCK TABLES `distribuidora_bairro_entrega` WRITE;
/*!40000 ALTER TABLE `distribuidora_bairro_entrega` DISABLE KEYS */;
INSERT INTO `distribuidora_bairro_entrega` (`ID_DISTR_BAIRRO`, `COD_BAIRRO`, `ID_DISTRIBUIDORA`, `VAL_TELE_ENTREGA`, `FLAG_TELEBAIRRO`) VALUES (1,30,1,0.00,'N'),(2,29,1,0.00,'N'),(3,28,1,0.00,'N'),(4,27,1,0.00,'N'),(5,26,1,0.00,'N'),(6,25,1,0.00,'N'),(7,24,1,0.00,'N'),(8,23,1,0.00,'N'),(9,22,1,0.00,'N'),(10,21,1,0.00,'N'),(11,20,1,0.00,'N'),(12,19,1,0.00,'N'),(13,18,1,0.00,'N'),(14,17,1,0.00,'N'),(15,16,1,0.00,'N'),(16,15,1,0.00,'N'),(17,14,1,0.00,'N'),(18,13,1,0.00,'N'),(19,12,1,0.00,'N'),(20,11,1,0.00,'N'),(21,10,1,0.00,'N'),(22,9,1,0.00,'N'),(23,8,1,0.00,'N'),(24,7,1,0.00,'N'),(25,6,1,0.00,'N'),(26,5,1,0.00,'N'),(27,4,1,0.00,'N'),(28,3,1,0.00,'N'),(29,2,1,0.00,'N'),(30,1,1,0.00,'N'),(31,35,2,0.00,'N'),(32,34,2,0.00,'N'),(33,32,2,0.00,'N'),(34,31,2,0.00,'N'),(35,30,2,0.00,'N'),(36,29,2,0.00,'N'),(37,28,2,0.00,'N'),(38,27,2,0.00,'N'),(39,26,2,0.00,'N'),(40,25,2,0.00,'N'),(41,24,2,0.00,'N'),(42,23,2,0.00,'N'),(43,21,2,0.00,'N'),(44,20,2,0.00,'N'),(45,19,2,0.00,'N'),(46,18,2,0.00,'N'),(47,17,2,0.00,'N'),(48,16,2,0.00,'N'),(49,15,2,0.00,'N'),(50,14,2,0.00,'N'),(51,13,2,0.00,'N'),(52,12,2,0.00,'N'),(53,11,2,0.00,'N'),(54,10,2,0.00,'N'),(55,9,2,0.00,'N'),(56,8,2,0.00,'N'),(57,6,2,0.00,'N'),(58,5,2,0.00,'N'),(59,4,2,0.00,'N'),(60,3,2,0.00,'N'),(61,2,2,0.00,'N'),(62,1,2,0.00,'N');
/*!40000 ALTER TABLE `distribuidora_bairro_entrega` ENABLE KEYS */;
UNLOCK TABLES;

--
-- Table structure for table `distribuidora_horario_dia_entre`
--

DROP TABLE IF EXISTS `distribuidora_horario_dia_entre`;
/*!40101 SET @saved_cs_client     = @@character_set_client */;
/*!40101 SET character_set_client = utf8 */;
CREATE TABLE `distribuidora_horario_dia_entre` (
  `ID_HORARIO` bigint(20) NOT NULL,
  `ID_DISTRIBUIDORA` int(11) NOT NULL,
  `COD_DIA` int(11) NOT NULL,
  `ID_DISTR_BAIRRO` int(11) DEFAULT NULL,
  `HORARIO_INI` time DEFAULT NULL,
  `HORARIO_FIM` time DEFAULT NULL,
  PRIMARY KEY (`ID_HORARIO`),
  KEY `FK_REFERENCE_20` (`ID_DISTR_BAIRRO`),
  KEY `FK_REFERENCE_8` (`COD_DIA`),
  CONSTRAINT `FK_REFERENCE_20` FOREIGN KEY (`ID_DISTR_BAIRRO`) REFERENCES `distribuidora_bairro_entrega` (`ID_DISTR_BAIRRO`),
  CONSTRAINT `FK_REFERENCE_8` FOREIGN KEY (`COD_DIA`) REFERENCES `dias_semana` (`COD_DIA`)
) ENGINE=InnoDB DEFAULT CHARSET=utf8;
/*!40101 SET character_set_client = @saved_cs_client */;

--
-- Dumping data for table `distribuidora_horario_dia_entre`
--

LOCK TABLES `distribuidora_horario_dia_entre` WRITE;
/*!40000 ALTER TABLE `distribuidora_horario_dia_entre` DISABLE KEYS */;
INSERT INTO `distribuidora_horario_dia_entre` (`ID_HORARIO`, `ID_DISTRIBUIDORA`, `COD_DIA`, `ID_DISTR_BAIRRO`, `HORARIO_INI`, `HORARIO_FIM`) VALUES (1,1,1,1,'08:00:00','22:00:59'),(2,1,2,1,'08:00:00','22:00:59'),(3,1,3,1,'08:00:00','22:00:59'),(4,1,4,1,'08:00:00','22:00:59'),(5,1,5,1,'08:00:00','22:00:59'),(6,1,6,1,'08:00:00','22:00:59'),(7,1,7,1,'08:00:00','22:00:59'),(8,1,8,1,'08:00:00','22:00:59'),(9,1,1,2,'08:00:00','22:00:59'),(10,1,2,2,'08:00:00','22:00:59'),(11,1,3,2,'08:00:00','22:00:59'),(12,1,4,2,'08:00:00','22:00:59'),(13,1,5,2,'08:00:00','22:00:59'),(14,1,6,2,'08:00:00','22:00:59'),(15,1,7,2,'08:00:00','22:00:59'),(16,1,8,2,'08:00:00','22:00:59'),(17,1,1,3,'08:00:00','22:00:59'),(18,1,2,3,'08:00:00','22:00:59'),(19,1,3,3,'08:00:00','22:00:59'),(20,1,4,3,'08:00:00','22:00:59'),(21,1,5,3,'08:00:00','22:00:59'),(22,1,6,3,'08:00:00','22:00:59'),(23,1,7,3,'08:00:00','22:00:59'),(24,1,8,3,'08:00:00','22:00:59'),(25,1,1,4,'08:00:00','22:00:59'),(26,1,2,4,'08:00:00','22:00:59'),(27,1,3,4,'08:00:00','22:00:59'),(28,1,4,4,'08:00:00','22:00:59'),(29,1,5,4,'08:00:00','22:00:59'),(30,1,6,4,'08:00:00','22:00:59'),(31,1,7,4,'08:00:00','22:00:59'),(32,1,8,4,'08:00:00','22:00:59'),(33,1,1,5,'08:00:00','22:00:59'),(34,1,2,5,'08:00:00','22:00:59'),(35,1,3,5,'08:00:00','22:00:59'),(36,1,4,5,'08:00:00','22:00:59'),(37,1,5,5,'08:00:00','22:00:59'),(38,1,6,5,'08:00:00','22:00:59'),(39,1,7,5,'08:00:00','22:00:59'),(40,1,8,5,'08:00:00','22:00:59'),(41,1,1,6,'08:00:00','22:00:59'),(42,1,2,6,'08:00:00','22:00:59'),(43,1,3,6,'08:00:00','22:00:59'),(44,1,4,6,'08:00:00','22:00:59'),(45,1,5,6,'08:00:00','22:00:59'),(46,1,6,6,'08:00:00','22:00:59'),(47,1,7,6,'08:00:00','22:00:59'),(48,1,8,6,'08:00:00','22:00:59'),(49,1,1,7,'08:00:00','22:00:59'),(50,1,2,7,'08:00:00','22:00:59'),(51,1,3,7,'08:00:00','22:00:59'),(52,1,4,7,'08:00:00','22:00:59'),(53,1,5,7,'08:00:00','22:00:59'),(54,1,6,7,'08:00:00','22:00:59'),(55,1,7,7,'08:00:00','22:00:59'),(56,1,8,7,'08:00:00','22:00:59'),(57,1,1,8,'08:00:00','22:00:59'),(58,1,2,8,'08:00:00','22:00:59'),(59,1,3,8,'08:00:00','22:00:59'),(60,1,4,8,'08:00:00','22:00:59'),(61,1,5,8,'08:00:00','22:00:59'),(62,1,6,8,'08:00:00','22:00:59'),(63,1,7,8,'08:00:00','22:00:59'),(64,1,8,8,'08:00:00','22:00:59'),(65,1,1,9,'08:00:00','22:00:59'),(66,1,2,9,'08:00:00','22:00:59'),(67,1,3,9,'08:00:00','22:00:59'),(68,1,4,9,'08:00:00','22:00:59'),(69,1,5,9,'08:00:00','22:00:59'),(70,1,6,9,'08:00:00','22:00:59'),(71,1,7,9,'08:00:00','22:00:59'),(72,1,8,9,'08:00:00','22:00:59'),(73,1,1,10,'08:00:00','22:00:59'),(74,1,2,10,'08:00:00','22:00:59'),(75,1,3,10,'08:00:00','22:00:59'),(76,1,4,10,'08:00:00','22:00:59'),(77,1,5,10,'08:00:00','22:00:59'),(78,1,6,10,'08:00:00','22:00:59'),(79,1,7,10,'08:00:00','22:00:59'),(80,1,8,10,'08:00:00','22:00:59'),(81,1,1,11,'08:00:00','22:00:59'),(82,1,2,11,'08:00:00','22:00:59'),(83,1,3,11,'08:00:00','22:00:59'),(84,1,4,11,'08:00:00','22:00:59'),(85,1,5,11,'08:00:00','22:00:59'),(86,1,6,11,'08:00:00','22:00:59'),(87,1,7,11,'08:00:00','22:00:59'),(88,1,8,11,'08:00:00','22:00:59'),(89,1,1,12,'08:00:00','22:00:59'),(90,1,2,12,'08:00:00','22:00:59'),(91,1,3,12,'08:00:00','22:00:59'),(92,1,4,12,'08:00:00','22:00:59'),(93,1,5,12,'08:00:00','22:00:59'),(94,1,6,12,'08:00:00','22:00:59'),(95,1,7,12,'08:00:00','22:00:59'),(96,1,8,12,'08:00:00','22:00:59'),(97,1,1,13,'08:00:00','22:00:59'),(98,1,2,13,'08:00:00','22:00:59'),(99,1,3,13,'08:00:00','22:00:59'),(100,1,4,13,'08:00:00','22:00:59'),(101,1,5,13,'08:00:00','22:00:59'),(102,1,6,13,'08:00:00','22:00:59'),(103,1,7,13,'08:00:00','22:00:59'),(104,1,8,13,'08:00:00','22:00:59'),(105,1,1,14,'08:00:00','22:00:59'),(106,1,2,14,'08:00:00','22:00:59'),(107,1,3,14,'08:00:00','22:00:59'),(108,1,4,14,'08:00:00','22:00:59'),(109,1,5,14,'08:00:00','22:00:59'),(110,1,6,14,'08:00:00','22:00:59'),(111,1,7,14,'08:00:00','22:00:59'),(112,1,8,14,'08:00:00','22:00:59'),(113,1,1,15,'08:00:00','22:00:59'),(114,1,2,15,'08:00:00','22:00:59'),(115,1,3,15,'08:00:00','22:00:59'),(116,1,4,15,'08:00:00','22:00:59'),(117,1,5,15,'08:00:00','22:00:59'),(118,1,6,15,'08:00:00','22:00:59'),(119,1,7,15,'08:00:00','22:00:59'),(120,1,8,15,'08:00:00','22:00:59'),(121,1,1,16,'08:00:00','22:00:59'),(122,1,2,16,'08:00:00','22:00:59'),(123,1,3,16,'08:00:00','22:00:59'),(124,1,4,16,'08:00:00','22:00:59'),(125,1,5,16,'08:00:00','22:00:59'),(126,1,6,16,'08:00:00','22:00:59'),(127,1,7,16,'08:00:00','22:00:59'),(128,1,8,16,'08:00:00','22:00:59'),(129,1,1,17,'08:00:00','22:00:59'),(130,1,2,17,'08:00:00','22:00:59'),(131,1,3,17,'08:00:00','22:00:59'),(132,1,4,17,'08:00:00','22:00:59'),(133,1,5,17,'08:00:00','22:00:59'),(134,1,6,17,'08:00:00','22:00:59'),(135,1,7,17,'08:00:00','22:00:59'),(136,1,8,17,'08:00:00','22:00:59'),(137,1,1,18,'08:00:00','22:00:59'),(138,1,2,18,'08:00:00','22:00:59'),(139,1,3,18,'08:00:00','22:00:59'),(140,1,4,18,'08:00:00','22:00:59'),(141,1,5,18,'08:00:00','22:00:59'),(142,1,6,18,'08:00:00','22:00:59'),(143,1,7,18,'08:00:00','22:00:59'),(144,1,8,18,'08:00:00','22:00:59'),(145,1,1,19,'08:00:00','22:00:59'),(146,1,2,19,'08:00:00','22:00:59'),(147,1,3,19,'08:00:00','22:00:59'),(148,1,4,19,'08:00:00','22:00:59'),(149,1,5,19,'08:00:00','22:00:59'),(150,1,6,19,'08:00:00','22:00:59'),(151,1,7,19,'08:00:00','22:00:59'),(152,1,8,19,'08:00:00','22:00:59'),(153,1,1,20,'08:00:00','22:00:59'),(154,1,2,20,'08:00:00','22:00:59'),(155,1,3,20,'08:00:00','22:00:59'),(156,1,4,20,'08:00:00','22:00:59'),(157,1,5,20,'08:00:00','22:00:59'),(158,1,6,20,'08:00:00','22:00:59'),(159,1,7,20,'08:00:00','22:00:59'),(160,1,8,20,'08:00:00','22:00:59'),(161,1,1,21,'08:00:00','22:00:59'),(162,1,2,21,'08:00:00','22:00:59'),(163,1,3,21,'08:00:00','22:00:59'),(164,1,4,21,'08:00:00','22:00:59'),(165,1,5,21,'08:00:00','22:00:59'),(166,1,6,21,'08:00:00','22:00:59'),(167,1,7,21,'08:00:00','22:00:59'),(168,1,8,21,'08:00:00','22:00:59'),(169,1,1,22,'08:00:00','22:00:59'),(170,1,2,22,'08:00:00','22:00:59'),(171,1,3,22,'08:00:00','22:00:59'),(172,1,4,22,'08:00:00','22:00:59'),(173,1,5,22,'08:00:00','22:00:59'),(174,1,6,22,'08:00:00','22:00:59'),(175,1,7,22,'08:00:00','22:00:59'),(176,1,8,22,'08:00:00','22:00:59'),(177,1,1,23,'08:00:00','22:00:59'),(178,1,2,23,'08:00:00','22:00:59'),(179,1,3,23,'08:00:00','22:00:59'),(180,1,4,23,'08:00:00','22:00:59'),(181,1,5,23,'08:00:00','22:00:59'),(182,1,6,23,'08:00:00','22:00:59'),(183,1,7,23,'08:00:00','22:00:59'),(184,1,8,23,'08:00:00','22:00:59'),(185,1,1,24,'08:00:00','22:00:59'),(186,1,2,24,'08:00:00','22:00:59'),(187,1,3,24,'08:00:00','22:00:59'),(188,1,4,24,'08:00:00','22:00:59'),(189,1,5,24,'08:00:00','22:00:59'),(190,1,6,24,'08:00:00','22:00:59'),(191,1,7,24,'08:00:00','22:00:59'),(192,1,8,24,'08:00:00','22:00:59'),(193,1,1,25,'08:00:00','22:00:59'),(194,1,2,25,'08:00:00','22:00:59'),(195,1,3,25,'08:00:00','22:00:59'),(196,1,4,25,'08:00:00','22:00:59'),(197,1,5,25,'08:00:00','22:00:59'),(198,1,6,25,'08:00:00','22:00:59'),(199,1,7,25,'08:00:00','22:00:59'),(200,1,8,25,'08:00:00','22:00:59'),(201,1,1,26,'08:00:00','22:00:59'),(202,1,2,26,'08:00:00','22:00:59'),(203,1,3,26,'08:00:00','22:00:59'),(204,1,4,26,'08:00:00','22:00:59'),(205,1,5,26,'08:00:00','22:00:59'),(206,1,6,26,'08:00:00','22:00:59'),(207,1,7,26,'08:00:00','22:00:59'),(208,1,8,26,'08:00:00','22:00:59'),(209,1,1,27,'08:00:00','22:00:59'),(210,1,2,27,'08:00:00','22:00:59'),(211,1,3,27,'08:00:00','22:00:59'),(212,1,4,27,'08:00:00','22:00:59'),(213,1,5,27,'08:00:00','22:00:59'),(214,1,6,27,'08:00:00','22:00:59'),(215,1,7,27,'08:00:00','22:00:59'),(216,1,8,27,'08:00:00','22:00:59'),(217,1,1,28,'08:00:00','22:00:59'),(218,1,2,28,'08:00:00','22:00:59'),(219,1,3,28,'08:00:00','22:00:59'),(220,1,4,28,'08:00:00','22:00:59'),(221,1,5,28,'08:00:00','22:00:59'),(222,1,6,28,'08:00:00','22:00:59'),(223,1,7,28,'08:00:00','22:00:59'),(224,1,8,28,'08:00:00','22:00:59'),(225,1,1,29,'08:00:00','22:00:59'),(226,1,2,29,'08:00:00','22:00:59'),(227,1,3,29,'08:00:00','22:00:59'),(228,1,4,29,'08:00:00','22:00:59'),(229,1,5,29,'08:00:00','22:00:59'),(230,1,6,29,'08:00:00','22:00:59'),(231,1,7,29,'08:00:00','22:00:59'),(232,1,8,29,'08:00:00','22:00:59'),(233,1,1,30,'08:00:00','22:00:59'),(234,1,2,30,'08:00:00','22:00:59'),(235,1,3,30,'08:00:00','22:00:59'),(236,1,4,30,'08:00:00','22:00:59'),(237,1,5,30,'08:00:00','22:00:59'),(238,1,6,30,'08:00:00','22:00:59'),(239,1,7,30,'08:00:00','22:00:59'),(240,1,8,30,'08:00:00','22:00:59'),(241,2,1,31,'08:00:00','22:00:59'),(242,2,2,31,'08:00:00','22:00:59'),(243,2,3,31,'08:00:00','22:00:59'),(244,2,4,31,'08:00:00','22:00:59'),(245,2,5,31,'08:00:00','22:00:59'),(246,2,6,31,'08:00:00','22:00:59'),(247,2,7,31,'08:00:00','22:00:59'),(248,2,8,31,'08:00:00','22:00:59'),(249,2,1,32,'08:00:00','22:00:59'),(250,2,2,32,'08:00:00','22:00:59'),(251,2,3,32,'08:00:00','22:00:59'),(252,2,4,32,'08:00:00','22:00:59'),(253,2,5,32,'08:00:00','22:00:59'),(254,2,6,32,'08:00:00','22:00:59'),(255,2,7,32,'08:00:00','22:00:59'),(256,2,8,32,'08:00:00','22:00:59'),(257,2,1,33,'08:00:00','22:00:59'),(258,2,2,33,'08:00:00','22:00:59'),(259,2,3,33,'08:00:00','22:00:59'),(260,2,4,33,'08:00:00','22:00:59'),(261,2,5,33,'08:00:00','22:00:59'),(262,2,6,33,'08:00:00','22:00:59'),(263,2,7,33,'08:00:00','22:00:59'),(264,2,8,33,'08:00:00','22:00:59'),(265,2,1,34,'08:00:00','22:00:59'),(266,2,2,34,'08:00:00','22:00:59'),(267,2,3,34,'08:00:00','22:00:59'),(268,2,4,34,'08:00:00','22:00:59'),(269,2,5,34,'08:00:00','22:00:59'),(270,2,6,34,'08:00:00','22:00:59'),(271,2,7,34,'08:00:00','22:00:59'),(272,2,8,34,'08:00:00','22:00:59'),(273,2,1,35,'08:00:00','22:00:59'),(274,2,2,35,'08:00:00','22:00:59'),(275,2,3,35,'08:00:00','22:00:59'),(276,2,4,35,'08:00:00','22:00:59'),(277,2,5,35,'08:00:00','22:00:59'),(278,2,6,35,'08:00:00','22:00:59'),(279,2,7,35,'08:00:00','22:00:59'),(280,2,8,35,'08:00:00','22:00:59'),(281,2,1,36,'08:00:00','22:00:59'),(282,2,2,36,'08:00:00','22:00:59'),(283,2,3,36,'08:00:00','22:00:59'),(284,2,4,36,'08:00:00','22:00:59'),(285,2,5,36,'08:00:00','22:00:59'),(286,2,6,36,'08:00:00','22:00:59'),(287,2,7,36,'08:00:00','22:00:59'),(288,2,8,36,'08:00:00','22:00:59'),(289,2,1,37,'19:00:00','23:00:59'),(290,2,2,37,'10:00:00','14:00:59'),(291,2,2,37,'15:00:00','18:00:59'),(292,2,3,37,'19:00:00','23:00:59'),(293,2,4,37,'10:00:00','14:00:59'),(294,2,4,37,'15:00:00','18:00:59'),(295,2,5,37,'10:00:00','14:00:59'),(296,2,5,37,'15:00:00','18:00:59'),(297,2,5,37,'19:00:00','23:00:59'),(298,2,6,37,'00:00:00','03:00:59'),(299,2,6,37,'10:00:00','14:00:59'),(300,2,6,37,'15:00:00','18:00:59'),(301,2,6,37,'19:00:00','23:00:59'),(302,2,7,37,'00:00:00','03:00:59'),(303,2,7,37,'10:00:00','14:00:59'),(304,2,7,37,'15:00:00','18:00:59'),(305,2,7,37,'19:00:00','23:00:59'),(306,2,8,37,'00:00:00','03:00:59'),(307,2,8,37,'10:00:00','14:00:59'),(308,2,8,37,'15:00:00','18:00:59'),(309,2,8,37,'19:00:00','23:00:59'),(310,2,1,38,'08:00:00','22:00:59'),(311,2,2,38,'08:00:00','22:00:59'),(312,2,3,38,'08:00:00','22:00:59'),(313,2,4,38,'08:00:00','22:00:59'),(314,2,5,38,'08:00:00','22:00:59'),(315,2,6,38,'08:00:00','22:00:59'),(316,2,7,38,'08:00:00','22:00:59'),(317,2,8,38,'08:00:00','22:00:59'),(318,2,1,39,'08:00:00','22:00:59'),(319,2,2,39,'08:00:00','22:00:59'),(320,2,3,39,'08:00:00','22:00:59'),(321,2,4,39,'08:00:00','22:00:59'),(322,2,5,39,'08:00:00','22:00:59'),(323,2,6,39,'08:00:00','22:00:59'),(324,2,7,39,'08:00:00','22:00:59'),(325,2,8,39,'08:00:00','22:00:59'),(326,2,1,40,'08:00:00','22:00:59'),(327,2,2,40,'08:00:00','22:00:59'),(328,2,3,40,'08:00:00','22:00:59'),(329,2,4,40,'08:00:00','22:00:59'),(330,2,5,40,'08:00:00','22:00:59'),(331,2,6,40,'08:00:00','22:00:59'),(332,2,7,40,'08:00:00','22:00:59'),(333,2,8,40,'08:00:00','22:00:59'),(334,2,1,41,'08:00:00','22:00:59'),(335,2,2,41,'08:00:00','22:00:59'),(336,2,3,41,'08:00:00','22:00:59'),(337,2,4,41,'08:00:00','22:00:59'),(338,2,5,41,'08:00:00','22:00:59'),(339,2,6,41,'08:00:00','22:00:59'),(340,2,7,41,'08:00:00','22:00:59'),(341,2,8,41,'08:00:00','22:00:59'),(342,2,1,42,'08:00:00','22:00:59'),(343,2,2,42,'08:00:00','22:00:59'),(344,2,3,42,'08:00:00','22:00:59'),(345,2,4,42,'08:00:00','22:00:59'),(346,2,5,42,'08:00:00','22:00:59'),(347,2,6,42,'08:00:00','22:00:59'),(348,2,7,42,'08:00:00','22:00:59'),(349,2,8,42,'08:00:00','22:00:59'),(350,2,1,43,'08:00:00','22:00:59'),(351,2,2,43,'08:00:00','22:00:59'),(352,2,3,43,'08:00:00','22:00:59'),(353,2,4,43,'08:00:00','22:00:59'),(354,2,5,43,'08:00:00','22:00:59'),(355,2,6,43,'08:00:00','22:00:59'),(356,2,7,43,'08:00:00','22:00:59'),(357,2,8,43,'08:00:00','22:00:59'),(358,2,1,44,'08:00:00','22:00:59'),(359,2,2,44,'08:00:00','22:00:59'),(360,2,3,44,'08:00:00','22:00:59'),(361,2,4,44,'08:00:00','22:00:59'),(362,2,5,44,'08:00:00','22:00:59'),(363,2,6,44,'08:00:00','22:00:59'),(364,2,7,44,'08:00:00','22:00:59'),(365,2,8,44,'08:00:00','22:00:59'),(366,2,1,45,'08:00:00','22:00:59'),(367,2,2,45,'08:00:00','22:00:59'),(368,2,3,45,'08:00:00','22:00:59'),(369,2,4,45,'08:00:00','22:00:59'),(370,2,5,45,'08:00:00','22:00:59'),(371,2,6,45,'08:00:00','22:00:59'),(372,2,7,45,'08:00:00','22:00:59'),(373,2,8,45,'08:00:00','22:00:59'),(374,2,1,46,'19:00:00','23:00:59'),(375,2,2,46,'10:00:00','14:00:59'),(376,2,2,46,'15:00:00','18:00:59'),(377,2,3,46,'19:00:00','23:00:59'),(378,2,4,46,'10:00:00','14:00:59'),(379,2,4,46,'15:00:00','18:00:59'),(380,2,5,46,'10:00:00','14:00:59'),(381,2,5,46,'15:00:00','18:00:59'),(382,2,5,46,'19:00:00','23:00:59'),(383,2,6,46,'00:00:00','03:00:59'),(384,2,6,46,'10:00:00','14:00:59'),(385,2,6,46,'15:00:00','18:00:59'),(386,2,6,46,'19:00:00','23:00:59'),(387,2,7,46,'00:00:00','03:00:59'),(388,2,7,46,'10:00:00','14:00:59'),(389,2,7,46,'15:00:00','18:00:59'),(390,2,7,46,'19:00:00','23:00:59'),(391,2,8,46,'00:00:00','03:00:59'),(392,2,8,46,'10:00:00','14:00:59'),(393,2,8,46,'15:00:00','18:00:59'),(394,2,8,46,'19:00:00','23:00:59'),(395,2,1,47,'19:00:00','23:00:59'),(396,2,2,47,'10:00:00','14:00:59'),(397,2,2,47,'15:00:00','18:00:59'),(398,2,3,47,'19:00:00','23:00:59'),(399,2,4,47,'10:00:00','14:00:59'),(400,2,4,47,'15:00:00','18:00:59'),(401,2,5,47,'10:00:00','14:00:59'),(402,2,5,47,'15:00:00','18:00:59'),(403,2,5,47,'19:00:00','23:00:59'),(404,2,6,47,'00:00:00','03:00:59'),(405,2,6,47,'10:00:00','14:00:59'),(406,2,6,47,'15:00:00','18:00:59'),(407,2,6,47,'19:00:00','23:00:59'),(408,2,7,47,'00:00:00','03:00:59'),(409,2,7,47,'10:00:00','14:00:59'),(410,2,7,47,'15:00:00','18:00:59'),(411,2,7,47,'19:00:00','23:00:59'),(412,2,8,47,'00:00:00','03:00:59'),(413,2,8,47,'10:00:00','14:00:59'),(414,2,8,47,'15:00:00','18:00:59'),(415,2,8,47,'19:00:00','23:00:59'),(416,2,1,48,'19:00:00','23:00:59'),(417,2,2,48,'10:00:00','14:00:59'),(418,2,2,48,'15:00:00','18:00:59'),(419,2,3,48,'19:00:00','23:00:59'),(420,2,4,48,'10:00:00','14:00:59'),(421,2,4,48,'15:00:00','18:00:59'),(422,2,5,48,'10:00:00','14:00:59'),(423,2,5,48,'15:00:00','18:00:59'),(424,2,5,48,'19:00:00','23:00:59'),(425,2,6,48,'00:00:00','03:00:59'),(426,2,6,48,'10:00:00','14:00:59'),(427,2,6,48,'15:00:00','18:00:59'),(428,2,6,48,'19:00:00','23:00:59'),(429,2,7,48,'00:00:00','03:00:59'),(430,2,7,48,'10:00:00','14:00:59'),(431,2,7,48,'15:00:00','18:00:59'),(432,2,7,48,'19:00:00','23:00:59'),(433,2,8,48,'00:00:00','03:00:59'),(434,2,8,48,'10:00:00','14:00:59'),(435,2,8,48,'15:00:00','18:00:59'),(436,2,8,48,'19:00:00','23:00:59'),(437,2,1,49,'19:00:00','23:00:59'),(438,2,2,49,'10:00:00','14:00:59'),(439,2,2,49,'15:00:00','18:00:59'),(440,2,3,49,'19:00:00','23:00:59'),(441,2,4,49,'10:00:00','14:00:59'),(442,2,4,49,'15:00:00','18:00:59'),(443,2,5,49,'10:00:00','14:00:59'),(444,2,5,49,'15:00:00','18:00:59'),(445,2,5,49,'19:00:00','23:00:59'),(446,2,6,49,'00:00:00','03:00:59'),(447,2,6,49,'10:00:00','14:00:59'),(448,2,6,49,'15:00:00','18:00:59'),(449,2,6,49,'19:00:00','23:00:59'),(450,2,7,49,'00:00:00','03:00:59'),(451,2,7,49,'10:00:00','14:00:59'),(452,2,7,49,'15:00:00','18:00:59'),(453,2,7,49,'19:00:00','23:00:59'),(454,2,8,49,'00:00:00','03:00:59'),(455,2,8,49,'10:00:00','14:00:59'),(456,2,8,49,'15:00:00','18:00:59'),(457,2,8,49,'19:00:00','23:00:59'),(458,2,1,50,'19:00:00','23:00:59'),(459,2,2,50,'10:00:00','14:00:59'),(460,2,2,50,'15:00:00','18:00:59'),(461,2,3,50,'19:00:00','23:00:59'),(462,2,4,50,'10:00:00','14:00:59'),(463,2,4,50,'15:00:00','18:00:59'),(464,2,5,50,'10:00:00','14:00:59'),(465,2,5,50,'15:00:00','18:00:59'),(466,2,5,50,'19:00:00','23:00:59'),(467,2,6,50,'00:00:00','03:00:59'),(468,2,6,50,'10:00:00','14:00:59'),(469,2,6,50,'15:00:00','18:00:59'),(470,2,6,50,'19:00:00','23:00:59'),(471,2,7,50,'00:00:00','03:00:59'),(472,2,7,50,'10:00:00','14:00:59'),(473,2,7,50,'15:00:00','18:00:59'),(474,2,7,50,'19:00:00','23:00:59'),(475,2,8,50,'00:00:00','03:00:59'),(476,2,8,50,'10:00:00','14:00:59'),(477,2,8,50,'15:00:00','18:00:59'),(478,2,8,50,'19:00:00','23:00:59'),(479,2,1,51,'19:00:00','23:00:59'),(480,2,2,51,'10:00:00','14:00:59'),(481,2,2,51,'15:00:00','18:00:59'),(482,2,3,51,'19:00:00','23:00:59'),(483,2,4,51,'10:00:00','14:00:59'),(484,2,4,51,'15:00:00','18:00:59'),(485,2,5,51,'10:00:00','14:00:59'),(486,2,5,51,'15:00:00','18:00:59'),(487,2,5,51,'19:00:00','23:00:59'),(488,2,6,51,'00:00:00','03:00:59'),(489,2,6,51,'10:00:00','14:00:59'),(490,2,6,51,'15:00:00','18:00:59'),(491,2,6,51,'19:00:00','23:00:59'),(492,2,7,51,'00:00:00','03:00:59'),(493,2,7,51,'10:00:00','14:00:59'),(494,2,7,51,'15:00:00','18:00:59'),(495,2,7,51,'19:00:00','23:00:59'),(496,2,8,51,'00:00:00','03:00:59'),(497,2,8,51,'10:00:00','14:00:59'),(498,2,8,51,'15:00:00','18:00:59'),(499,2,8,51,'19:00:00','23:00:59'),(500,2,1,52,'19:00:00','23:00:59'),(501,2,2,52,'10:00:00','14:00:59'),(502,2,2,52,'15:00:00','18:00:59'),(503,2,3,52,'19:00:00','23:00:59'),(504,2,4,52,'10:00:00','14:00:59'),(505,2,4,52,'15:00:00','18:00:59'),(506,2,5,52,'10:00:00','14:00:59'),(507,2,5,52,'15:00:00','18:00:59'),(508,2,5,52,'19:00:00','23:00:59'),(509,2,6,52,'00:00:00','03:00:59'),(510,2,6,52,'10:00:00','14:00:59'),(511,2,6,52,'15:00:00','18:00:59'),(512,2,6,52,'19:00:00','23:00:59'),(513,2,7,52,'00:00:00','03:00:59'),(514,2,7,52,'10:00:00','14:00:59'),(515,2,7,52,'15:00:00','18:00:59'),(516,2,7,52,'19:00:00','23:00:59'),(517,2,8,52,'00:00:00','03:00:59'),(518,2,8,52,'10:00:00','14:00:59'),(519,2,8,52,'15:00:00','18:00:59'),(520,2,8,52,'19:00:00','23:00:59'),(521,2,1,53,'19:00:00','23:00:59'),(522,2,2,53,'10:00:00','14:00:59'),(523,2,2,53,'15:00:00','18:00:59'),(524,2,3,53,'19:00:00','23:00:59'),(525,2,4,53,'10:00:00','14:00:59'),(526,2,4,53,'15:00:00','18:00:59'),(527,2,5,53,'10:00:00','14:00:59'),(528,2,5,53,'15:00:00','18:00:59'),(529,2,5,53,'19:00:00','23:00:59'),(530,2,6,53,'00:00:00','03:00:59'),(531,2,6,53,'10:00:00','14:00:59'),(532,2,6,53,'15:00:00','18:00:59'),(533,2,6,53,'19:00:00','23:00:59'),(534,2,7,53,'00:00:00','03:00:59'),(535,2,7,53,'10:00:00','14:00:59'),(536,2,7,53,'15:00:00','18:00:59'),(537,2,7,53,'19:00:00','23:00:59'),(538,2,8,53,'00:00:00','03:00:59'),(539,2,8,53,'10:00:00','14:00:59'),(540,2,8,53,'15:00:00','18:00:59'),(541,2,8,53,'19:00:00','23:00:59'),(542,2,1,54,'19:00:00','23:00:59'),(543,2,2,54,'10:00:00','14:00:59'),(544,2,2,54,'15:00:00','18:00:59'),(545,2,3,54,'19:00:00','23:00:59'),(546,2,4,54,'10:00:00','14:00:59'),(547,2,4,54,'15:00:00','18:00:59'),(548,2,5,54,'10:00:00','14:00:59'),(549,2,5,54,'15:00:00','18:00:59'),(550,2,5,54,'19:00:00','23:00:59'),(551,2,6,54,'00:00:00','03:00:59'),(552,2,6,54,'10:00:00','14:00:59'),(553,2,6,54,'15:00:00','18:00:59'),(554,2,6,54,'19:00:00','23:00:59'),(555,2,7,54,'00:00:00','03:00:59'),(556,2,7,54,'10:00:00','14:00:59'),(557,2,7,54,'15:00:00','18:00:59'),(558,2,7,54,'19:00:00','23:00:59'),(559,2,8,54,'00:00:00','03:00:59'),(560,2,8,54,'10:00:00','14:00:59'),(561,2,8,54,'15:00:00','18:00:59'),(562,2,8,54,'19:00:00','23:00:59'),(563,2,1,55,'08:00:00','22:00:59'),(564,2,2,55,'08:00:00','22:00:59'),(565,2,3,55,'08:00:00','22:00:59'),(566,2,4,55,'08:00:00','22:00:59'),(567,2,5,55,'08:00:00','22:00:59'),(568,2,6,55,'08:00:00','22:00:59'),(569,2,7,55,'08:00:00','22:00:59'),(570,2,8,55,'08:00:00','22:00:59'),(571,2,1,56,'19:00:00','23:00:59'),(572,2,2,56,'10:00:00','14:00:59'),(573,2,2,56,'15:00:00','18:00:59'),(574,2,3,56,'19:00:00','23:00:59'),(575,2,4,56,'10:00:00','14:00:59'),(576,2,4,56,'15:00:00','18:00:59'),(577,2,5,56,'10:00:00','14:00:59'),(578,2,5,56,'15:00:00','18:00:59'),(579,2,5,56,'19:00:00','23:00:59'),(580,2,6,56,'00:00:00','03:00:59'),(581,2,6,56,'10:00:00','14:00:59'),(582,2,6,56,'15:00:00','18:00:59'),(583,2,6,56,'19:00:00','23:00:59'),(584,2,7,56,'00:00:00','03:00:59'),(585,2,7,56,'10:00:00','14:00:59'),(586,2,7,56,'15:00:00','18:00:59'),(587,2,7,56,'19:00:00','23:00:59'),(588,2,8,56,'00:00:00','03:00:59'),(589,2,8,56,'10:00:00','14:00:59'),(590,2,8,56,'15:00:00','18:00:59'),(591,2,8,56,'19:00:00','23:00:59'),(592,2,1,57,'08:00:00','22:00:59'),(593,2,2,57,'08:00:00','22:00:59'),(594,2,3,57,'08:00:00','22:00:59'),(595,2,4,57,'08:00:00','22:00:59'),(596,2,5,57,'08:00:00','22:00:59'),(597,2,6,57,'08:00:00','22:00:59'),(598,2,7,57,'08:00:00','22:00:59'),(599,2,8,57,'08:00:00','22:00:59'),(600,2,1,58,'08:00:00','22:00:59'),(601,2,2,58,'08:00:00','22:00:59'),(602,2,3,58,'08:00:00','22:00:59'),(603,2,4,58,'08:00:00','22:00:59'),(604,2,5,58,'08:00:00','22:00:59'),(605,2,6,58,'08:00:00','22:00:59'),(606,2,7,58,'08:00:00','22:00:59'),(607,2,8,58,'08:00:00','22:00:59'),(608,2,1,59,'08:00:00','22:00:59'),(609,2,2,59,'08:00:00','22:00:59'),(610,2,3,59,'08:00:00','22:00:59'),(611,2,4,59,'08:00:00','22:00:59'),(612,2,5,59,'08:00:00','22:00:59'),(613,2,6,59,'08:00:00','22:00:59'),(614,2,7,59,'08:00:00','22:00:59'),(615,2,8,59,'08:00:00','22:00:59'),(616,2,1,60,'08:00:00','22:00:59'),(617,2,2,60,'08:00:00','22:00:59'),(618,2,3,60,'08:00:00','22:00:59'),(619,2,4,60,'08:00:00','22:00:59'),(620,2,5,60,'08:00:00','22:00:59'),(621,2,6,60,'08:00:00','22:00:59'),(622,2,7,60,'08:00:00','22:00:59'),(623,2,8,60,'08:00:00','22:00:59'),(624,2,1,61,'08:00:00','22:00:59'),(625,2,2,61,'08:00:00','22:00:59'),(626,2,3,61,'08:00:00','22:00:59'),(627,2,4,61,'08:00:00','22:00:59'),(628,2,5,61,'08:00:00','22:00:59'),(629,2,6,61,'08:00:00','22:00:59'),(630,2,7,61,'08:00:00','22:00:59'),(631,2,8,61,'08:00:00','22:00:59'),(632,2,1,62,'08:00:00','22:00:59'),(633,2,2,62,'08:00:00','22:00:59'),(634,2,3,62,'08:00:00','22:00:59'),(635,2,4,62,'08:00:00','22:00:59'),(636,2,5,62,'08:00:00','22:00:59'),(637,2,6,62,'08:00:00','22:00:59'),(638,2,7,62,'08:00:00','22:00:59'),(639,2,8,62,'08:00:00','22:00:59');
/*!40000 ALTER TABLE `distribuidora_horario_dia_entre` ENABLE KEYS */;
UNLOCK TABLES;

--
-- Table structure for table `motivos_cancelamento`
--

DROP TABLE IF EXISTS `motivos_cancelamento`;
/*!40101 SET @saved_cs_client     = @@character_set_client */;
/*!40101 SET character_set_client = utf8 */;
CREATE TABLE `motivos_cancelamento` (
  `COD_MOTIVO` int(11) NOT NULL AUTO_INCREMENT,
  `DESC_MOTIVO` text NOT NULL,
  PRIMARY KEY (`COD_MOTIVO`)
) ENGINE=InnoDB AUTO_INCREMENT=5 DEFAULT CHARSET=utf8;
/*!40101 SET character_set_client = @saved_cs_client */;

--
-- Dumping data for table `motivos_cancelamento`
--

LOCK TABLES `motivos_cancelamento` WRITE;
/*!40000 ALTER TABLE `motivos_cancelamento` DISABLE KEYS */;
INSERT INTO `motivos_cancelamento` (`COD_MOTIVO`, `DESC_MOTIVO`) VALUES (1,'Distribuidora cancelou'),(2,'Morri'),(3,'Cocaine'),(4,'Pussy');
/*!40000 ALTER TABLE `motivos_cancelamento` ENABLE KEYS */;
UNLOCK TABLES;

--
-- Table structure for table `motivos_recusa`
--

DROP TABLE IF EXISTS `motivos_recusa`;
/*!40101 SET @saved_cs_client     = @@character_set_client */;
/*!40101 SET character_set_client = utf8 */;
CREATE TABLE `motivos_recusa` (
  `COD_MOTIVO` int(11) NOT NULL AUTO_INCREMENT,
  `DESC_MOTIVO` text NOT NULL,
  PRIMARY KEY (`COD_MOTIVO`)
) ENGINE=InnoDB AUTO_INCREMENT=7 DEFAULT CHARSET=utf8;
/*!40101 SET character_set_client = @saved_cs_client */;

--
-- Dumping data for table `motivos_recusa`
--

LOCK TABLES `motivos_recusa` WRITE;
/*!40000 ALTER TABLE `motivos_recusa` DISABLE KEYS */;
INSERT INTO `motivos_recusa` (`COD_MOTIVO`, `DESC_MOTIVO`) VALUES (1,'Falta de estoque'),(2,'Falta de motoboy'),(3,'Bairro não acessivel'),(4,'Chuva de sapos'),(5,'Zumbis'),(6,'To comendo gente');
/*!40000 ALTER TABLE `motivos_recusa` ENABLE KEYS */;
UNLOCK TABLES;

--
-- Table structure for table `pedido`
--

DROP TABLE IF EXISTS `pedido`;
/*!40101 SET @saved_cs_client     = @@character_set_client */;
/*!40101 SET character_set_client = utf8 */;
CREATE TABLE `pedido` (
  `ID_PEDIDO` bigint(20) NOT NULL AUTO_INCREMENT,
  `ID_DISTRIBUIDORA` int(11) DEFAULT NULL,
  `ID_USUARIO` bigint(20) DEFAULT NULL,
  `DATA_PEDIDO` datetime DEFAULT NULL,
  `FLAG_STATUS` char(1) DEFAULT NULL,
  `VAL_TOTALPROD` decimal(12,2) DEFAULT NULL,
  `VAL_ENTREGA` decimal(12,2) DEFAULT NULL,
  `DATA_PEDIDO_RESPOSTA` datetime DEFAULT NULL,
  `NUM_PED` bigint(20) DEFAULT NULL,
  `COD_BAIRRO` int(11) DEFAULT NULL,
  `NUM_TELEFONECONTATO_CLIENTE` varchar(50) DEFAULT NULL,
  `TEMPO_ESTIMADO_ENTREGA` time DEFAULT NULL,
  `DESC_ENDERECO_ENTREGA` text,
  `DESC_ENDERECO_NUM_ENTREGA` varchar(20) DEFAULT NULL,
  `DESC_ENDERECO_COMPLEMENTO_ENTREGA` varchar(20) DEFAULT NULL,
  `flag_vizualizado` char(1) DEFAULT NULL,
  `FLAG_MODOPAGAMENTO` char(1) DEFAULT NULL,
  `DESC_CARTAO` varchar(20) DEFAULT NULL,
  `NOME_PESSOA` text,
  `PAG_TOKEN` text,
  `PAG_MAIL` text,
  `PAG_PAYID_TIPOCARTAO` text,
  `FLAG_PEDIDO_RET_ENTRE` char(1) DEFAULT NULL,
  `TEMPO_ESTIMADO_DESEJADO` time DEFAULT NULL,
  PRIMARY KEY (`ID_PEDIDO`),
  KEY `FK_REFERENCE_13` (`ID_DISTRIBUIDORA`),
  KEY `FK_REFERENCE_15` (`COD_BAIRRO`),
  KEY `FK_REFERENCE_17` (`ID_USUARIO`),
  CONSTRAINT `FK_REFERENCE_13` FOREIGN KEY (`ID_DISTRIBUIDORA`) REFERENCES `distribuidora` (`ID_DISTRIBUIDORA`),
  CONSTRAINT `FK_REFERENCE_15` FOREIGN KEY (`COD_BAIRRO`) REFERENCES `bairros` (`COD_BAIRRO`),
  CONSTRAINT `FK_REFERENCE_17` FOREIGN KEY (`ID_USUARIO`) REFERENCES `usuario` (`ID_USUARIO`)
) ENGINE=InnoDB AUTO_INCREMENT=26 DEFAULT CHARSET=utf8;
/*!40101 SET character_set_client = @saved_cs_client */;

--
-- Dumping data for table `pedido`
--

LOCK TABLES `pedido` WRITE;
/*!40000 ALTER TABLE `pedido` DISABLE KEYS */;
INSERT INTO `pedido` (`ID_PEDIDO`, `ID_DISTRIBUIDORA`, `ID_USUARIO`, `DATA_PEDIDO`, `FLAG_STATUS`, `VAL_TOTALPROD`, `VAL_ENTREGA`, `DATA_PEDIDO_RESPOSTA`, `NUM_PED`, `COD_BAIRRO`, `NUM_TELEFONECONTATO_CLIENTE`, `TEMPO_ESTIMADO_ENTREGA`, `DESC_ENDERECO_ENTREGA`, `DESC_ENDERECO_NUM_ENTREGA`, `DESC_ENDERECO_COMPLEMENTO_ENTREGA`, `flag_vizualizado`, `FLAG_MODOPAGAMENTO`, `DESC_CARTAO`, `NOME_PESSOA`, `PAG_TOKEN`, `PAG_MAIL`, `PAG_PAYID_TIPOCARTAO`, `FLAG_PEDIDO_RET_ENTRE`, `TEMPO_ESTIMADO_DESEJADO`) VALUES (1,1,17,'2016-10-27 14:38:06','O',81.62,0.00,'2016-10-27 14:38:12',1,NULL,'5184970310','00:00:00','','','','S','D',NULL,'Gabriel Dalcin Kothe',NULL,NULL,NULL,'L','00:00:00'),(2,1,17,'2016-10-27 15:02:33','O',51.51,5.00,'2016-10-27 15:02:54',2,30,'5184970310','01:00:00','tnt coronel brito','999','casa','S','D',NULL,'Gabriel Dalcin Kothe',NULL,NULL,NULL,'T','01:30:00'),(3,1,17,'2016-10-27 15:03:50','E',74.49,5.00,'2016-10-27 15:15:30',3,23,'5184970310','01:00:00','borges de medeiros ','715','sobrado','S','D',NULL,'Gabriel Dalcin Kothe',NULL,NULL,NULL,'T','01:00:00'),(4,1,17,'2016-10-27 16:04:20','A',43.18,0.00,NULL,4,NULL,'5184970310',NULL,'','','','S','D',NULL,'Gabriel Dalcin Kothe',NULL,NULL,NULL,'L','00:00:00');
/*!40000 ALTER TABLE `pedido` ENABLE KEYS */;
UNLOCK TABLES;

--
-- Table structure for table `pedido_item`
--

DROP TABLE IF EXISTS `pedido_item`;
/*!40101 SET @saved_cs_client     = @@character_set_client */;
/*!40101 SET character_set_client = utf8 */;
CREATE TABLE `pedido_item` (
  `ID_PEDIDO_ITEM` int(8) NOT NULL AUTO_INCREMENT,
  `ID_PEDIDO` bigint(20) NOT NULL,
  `SEQ_ITEM` int(11) NOT NULL,
  `VAL_UNIT` decimal(12,2) DEFAULT NULL,
  `ID_PROD` int(11) NOT NULL,
  `QTD_PROD` bigint(20) DEFAULT NULL,
  PRIMARY KEY (`ID_PEDIDO_ITEM`),
  KEY `FK_REFERENCE_14` (`ID_PEDIDO`),
  KEY `FK_REFERENCE_16` (`ID_PROD`),
  CONSTRAINT `FK_REFERENCE_14` FOREIGN KEY (`ID_PEDIDO`) REFERENCES `pedido` (`ID_PEDIDO`),
  CONSTRAINT `FK_REFERENCE_16` FOREIGN KEY (`ID_PROD`) REFERENCES `produtos` (`ID_PROD`)
) ENGINE=InnoDB AUTO_INCREMENT=218 DEFAULT CHARSET=utf8;
/*!40101 SET character_set_client = @saved_cs_client */;

--
-- Dumping data for table `pedido_item`
--

LOCK TABLES `pedido_item` WRITE;
/*!40000 ALTER TABLE `pedido_item` DISABLE KEYS */;
INSERT INTO `pedido_item` (`ID_PEDIDO_ITEM`, `ID_PEDIDO`, `SEQ_ITEM`, `VAL_UNIT`, `ID_PROD`, `QTD_PROD`) VALUES (210,1,1,7.88,73,4),(211,1,2,8.35,51,6),(212,2,1,4.33,101,7),(213,2,2,5.30,17,4),(214,3,1,2.31,45,13),(215,3,2,4.94,96,9),(216,4,1,2.31,45,8),(217,4,2,4.94,96,5);
/*!40000 ALTER TABLE `pedido_item` ENABLE KEYS */;
UNLOCK TABLES;

--
-- Table structure for table `pedido_motivo_cancelamento`
--

DROP TABLE IF EXISTS `pedido_motivo_cancelamento`;
/*!40101 SET @saved_cs_client     = @@character_set_client */;
/*!40101 SET character_set_client = utf8 */;
CREATE TABLE `pedido_motivo_cancelamento` (
  `ID_PEDIDO` bigint(20) NOT NULL,
  `COD_MOTIVO` int(11) DEFAULT NULL,
  `DESC_OBS` text,
  `DATA_CANCELAMENTO` datetime DEFAULT NULL,
  `FLAG_CONFIRMADO_DISTRIBUIDORA` char(1) DEFAULT NULL,
  `FLAG_POPUPINICIAL` char(1) DEFAULT NULL,
  `FLAG_VIZUALIZADO_canc` char(1) DEFAULT NULL,
  PRIMARY KEY (`ID_PEDIDO`),
  KEY `FK_REFERENCE_29` (`COD_MOTIVO`),
  CONSTRAINT `FK_REFERENCE_28` FOREIGN KEY (`ID_PEDIDO`) REFERENCES `pedido` (`ID_PEDIDO`),
  CONSTRAINT `FK_REFERENCE_29` FOREIGN KEY (`COD_MOTIVO`) REFERENCES `motivos_cancelamento` (`COD_MOTIVO`)
) ENGINE=InnoDB DEFAULT CHARSET=utf8;
/*!40101 SET character_set_client = @saved_cs_client */;

--
-- Dumping data for table `pedido_motivo_cancelamento`
--

LOCK TABLES `pedido_motivo_cancelamento` WRITE;
/*!40000 ALTER TABLE `pedido_motivo_cancelamento` DISABLE KEYS */;
/*!40000 ALTER TABLE `pedido_motivo_cancelamento` ENABLE KEYS */;
UNLOCK TABLES;

--
-- Table structure for table `pedido_motivos_recusa`
--

DROP TABLE IF EXISTS `pedido_motivos_recusa`;
/*!40101 SET @saved_cs_client     = @@character_set_client */;
/*!40101 SET character_set_client = utf8 */;
CREATE TABLE `pedido_motivos_recusa` (
  `ID_PEDIDO_MOTIVO_RECUSA` bigint(20) NOT NULL AUTO_INCREMENT,
  `ID_PEDIDO` bigint(20) NOT NULL,
  `COD_MOTIVO` int(11) NOT NULL,
  PRIMARY KEY (`ID_PEDIDO_MOTIVO_RECUSA`),
  KEY `FK_REFERENCE_18` (`COD_MOTIVO`),
  KEY `FK_REFERENCE_19` (`ID_PEDIDO`),
  CONSTRAINT `FK_REFERENCE_18` FOREIGN KEY (`COD_MOTIVO`) REFERENCES `motivos_recusa` (`COD_MOTIVO`),
  CONSTRAINT `FK_REFERENCE_19` FOREIGN KEY (`ID_PEDIDO`) REFERENCES `pedido` (`ID_PEDIDO`)
) ENGINE=InnoDB AUTO_INCREMENT=20 DEFAULT CHARSET=utf8;
/*!40101 SET character_set_client = @saved_cs_client */;

--
-- Dumping data for table `pedido_motivos_recusa`
--

LOCK TABLES `pedido_motivos_recusa` WRITE;
/*!40000 ALTER TABLE `pedido_motivos_recusa` DISABLE KEYS */;
/*!40000 ALTER TABLE `pedido_motivos_recusa` ENABLE KEYS */;
UNLOCK TABLES;

--
-- Table structure for table `produtos`
--

DROP TABLE IF EXISTS `produtos`;
/*!40101 SET @saved_cs_client     = @@character_set_client */;
/*!40101 SET character_set_client = utf8 */;
CREATE TABLE `produtos` (
  `ID_PROD` int(11) NOT NULL AUTO_INCREMENT,
  `DESC_PROD` text NOT NULL,
  `DESC_ABREVIADO` varchar(100) NOT NULL,
  `FLAG_ATIVO` char(1) NOT NULL,
  PRIMARY KEY (`ID_PROD`)
) ENGINE=InnoDB AUTO_INCREMENT=119 DEFAULT CHARSET=utf8;
/*!40101 SET character_set_client = @saved_cs_client */;

--
-- Dumping data for table `produtos`
--

LOCK TABLES `produtos` WRITE;
/*!40000 ALTER TABLE `produtos` DISABLE KEYS */;
INSERT INTO `produtos` (`ID_PROD`, `DESC_PROD`, `DESC_ABREVIADO`, `FLAG_ATIVO`) VALUES (1,'Água Mineral Da Pedra 2L C/Gás Pet','Água Mineral Da Pedra 2L C/Gás Pet','S'),(2,'Água Mineral Da Pedra 500Ml C/Gás Pet','Água Mineral Da Pedra 500Ml C/Gás Pet','S'),(3,'Água Mineral Da Pedra 1L','Água Mineral Da Pedra 1L','S'),(4,'Água Mineral Da Pedra 500Ml S/Gás Pet','Água Mineral Da Pedra 500Ml S/Gás Pet','S'),(5,'Água Mineral Da Pedra 5L S/Gás Pet','Água Mineral Da Pedra 5L S/Gás Pet','S'),(6,'Energético Frukito 2L Laranja Pet','Energético Frukito 2L Laranja Pet','S'),(7,'Energético Frukito 500Ml Laranja Pet','Energético Frukito 500Ml Laranja Pet','S'),(8,'Refrigerante Fruki 600Ml Guaraná Pet','Refrigerante Fruki 600Ml Guaraná Pet','S'),(9,'Refrigerante Fruki 2L Laranja Pet','Refrigerante Fruki 2L Laranja Pet','S'),(10,'Refrigerante Fruki 2L Cola Pet','Refrigerante Fruki 2L Cola Pet','S'),(11,'Refrigerante Fruki 600Ml Cola Pet','Refrigerante Fruki 600Ml Cola Pet','S'),(12,'Refrigerante Fruki 600Ml Laranja','Refrigerante Fruki 600Ml Laranja','S'),(13,'Refrigerante Fruki Zero 2L Cola Pet','Refrigerante Fruki Zero 2L Cola Pet','S'),(14,'Refrigerante Fruki 350Ml Laranja Lata','Refrigerante Fruki 350Ml Laranja Lata','S'),(15,'Refrigerante Fruki Zero 350Ml Cola Lata','Refrigerante Fruki Zero 350Ml Cola Lata','S'),(16,'Refrigerante Fruki 600Ml Laranja Pet','Refrigerante Fruki 600Ml Laranja Pet','S'),(17,'Refrigerante Fruki 2L Limão Pet','Refrigerante Fruki 2L Limão Pet','S'),(18,'Refrigerante Fruki 350Ml Cola Lata','Refrigerante Fruki 350Ml Cola Lata','S'),(19,'Refrigerante Fruki 600Ml Limão','Refrigerante Fruki 600Ml Limão','S'),(20,'Refrigerante Fruki 2L Guaraná Pet','Refrigerante Fruki 2L Guaraná Pet','S'),(21,'Refrigerante Fruki 350Ml Limão Lata','Refrigerante Fruki 350Ml Limão Lata','S'),(22,'Refrigerante Fruki 2L Uva Pet','Refrigerante Fruki 2L Uva Pet','S'),(23,'Refrigerante Fruki Zero 2L Guaraná Pet','Refrigerante Fruki Zero 2L Guaraná Pet','S'),(24,'Refrigerante Fruki Zero 350Ml Guaraná Lata','Refrigerante Fruki Zero 350Ml Guaraná Lata','S'),(25,'Refrigerante Fruki 350Ml Guaraná Lata','Refrigerante Fruki 350Ml Guaraná Lata','S'),(26,'Refrigerante Fruki 600Ml Guaraná','Refrigerante Fruki 600Ml Guaraná','S'),(27,'Águardente 7 Campos 966Ml','Águardente 7 Campos 966Ml','S'),(28,'Cerveja Miller 355Ml Ln','Cerveja Miller 355Ml Ln','S'),(29,'Vinho Collina D Sole 750Ml Branco Seco','Vinho Collina D Sole 750Ml Branco Seco','S'),(30,'Vinho Collina D Sole 750Ml Tinto Seco','Vinho Collina D Sole 750Ml Tinto Seco','S'),(31,'Vinho Collina D Sole 750Ml Tinto Suave','Vinho Collina D Sole 750Ml Tinto Suave','S'),(32,'Vinho Cabernet Franc G União 750Ml Tinto Seco','Vinho Cabernet Franc G União 750Ml Tinto Seco','S'),(33,'Vinho Cabernet G União 750Ml Tinto Suave','Vinho Cabernet G União 750Ml Tinto Suave','S'),(34,'Vinho Malvasia G União 750Ml Suave','Vinho Malvasia G União 750Ml Suave','S'),(35,'Vinho Merlot G União 750Ml Seco','Vinho Merlot G União 750Ml Seco','S'),(36,'Vinho Riesling G União 750Ml Branco Seco','Vinho Riesling G União 750Ml Branco Seco','S'),(37,'Vinho Cab Sauv M James 750Ml','Vinho Cab Sauv M James 750Ml','S'),(38,'Vinho Chardonay M James 750Ml','Vinho Chardonay M James 750Ml','S'),(39,'Vinho Pinot M James 750Ml','Vinho Pinot M James 750Ml','S'),(40,'Vinho Riesling M James 750Ml','Vinho Riesling M James 750Ml','S'),(41,'Vinho Tannat M James 750Ml','Vinho Tannat M James 750Ml','S'),(42,'Vinho Sauv Blanc Res M James 750Ml','Vinho Sauv Blanc Res M James 750Ml','S'),(43,'Vinho Collina D Sole 750Ml Tinto D Sec','Vinho Collina D Sole 750Ml Tinto D Sec','S'),(44,'Energético Frukito 2L Frut Tropi Pet','Energético Frukito 2L Frut Tropi Pet','S'),(45,'Energético Frukito 500Ml Frut Tropi Pet','Energético Frukito 500Ml Frut Tropi Pet','S'),(46,'Vinho Merlot M James 750Ml Tinto','Vinho Merlot M James 750Ml Tinto','S'),(47,'Energético Frukito 500Ml Frut Verm Pet','Energético Frukito 500Ml Frut Verm Pet','S'),(48,'Energético Frukito 2L Frut Verm Pet','Energético Frukito 2L Frut Verm Pet','S'),(49,'Vodka Perestroika 980Ml','Vodka Perestroika 980Ml','S'),(50,'Refrigerante Fruki Zero 600Ml Guaraná Pet','Refrigerante Fruki Zero 600Ml Guaraná Pet','S'),(51,'Vodka Smirnoff 998Ml Red','Vodka Smirnoff 998Ml Red','S'),(52,'Refrigerante Fruki 600Ml Limão Pet','Refrigerante Fruki 600Ml Limão Pet','S'),(53,'Refrigerante Fruki Zero 600Ml Cola Pet','Refrigerante Fruki Zero 600Ml Cola Pet','S'),(54,'Vinho Cab Sauv S Colina 750Ml Seco','Vinho Cab Sauv S Colina 750Ml Seco','S'),(55,'Vinho Merlot S Colina 750Ml','Vinho Merlot S Colina 750Ml','S'),(57,'Refrigerante Fruki 600Ml Uva Pet','Refrigerante Fruki 600Ml Uva Pet','S'),(58,'Vinho Chardonnay Santa Colina 750Ml Branco','Vinho Chardonnay Santa Colina 750Ml Branco','S'),(59,'Vinho Pinot Noir S Colina 750Ml','Vinho Pinot Noir S Colina 750Ml','S'),(64,'Vinho Cab Sauv G União 750Ml','Vinho Cab Sauv G União 750Ml','S'),(65,'Vinho Tannat S Colina 750Ml','Vinho Tannat S Colina 750Ml','S'),(66,'Vinho Del Grano Gold 1L Tto Suave','Vinho Del Grano Gold 1L Tto Suave','S'),(67,'Vinho Niagara Del Grano Gold 1L Branc Seco','Vinho Niagara Del Grano Gold 1L Branc Seco','S'),(68,'Vinho Del Grano Gold 1L Bco Suave','Vinho Del Grano Gold 1L Bco Suave','S'),(69,'Vinho Del Grano Gold 1L Tinto Seco','Vinho Del Grano Gold 1L Tinto Seco','S'),(72,'Energético Frukito 2L Uva Pet','Energético Frukito 2L Uva Pet','S'),(73,'Energético Frukito 500Ml Uva Pet','Energético Frukito 500Ml Uva Pet','S'),(74,'Energético Baly 2L','Energético Baly 2L','S'),(76,'Fruki Tônica 1,5L','Fruki Tônica 1,5L','S'),(77,'Fruki Citrus 1,5L','Fruki Citrus 1,5L','S'),(78,'Fruki Tônica 350Ml Lata','Fruki Tônica 350Ml Lata','S'),(79,'Fruki Citrus 350Ml Lata','Fruki Citrus 350Ml Lata','S'),(86,'Vinho Cabernet G7 750Ml Tinto','Vinho Cabernet G7 750Ml Tinto','S'),(87,'Vinho Carmenere G7 750Ml Tinto','Vinho Carmenere G7 750Ml Tinto','S'),(88,'Vinho Merlot G7 750Ml Tinto','Vinho Merlot G7 750Ml Tinto','S'),(89,'Cerveja Oktoberfest Heilige 500Ml','Cerveja Oktoberfest Heilige 500Ml','S'),(90,'Cerveja Weissbier Heilige 500Ml','Cerveja Weissbier Heilige 500Ml','S'),(91,'Cerveja Porter Heilige 500Ml','Cerveja Porter Heilige 500Ml','S'),(92,'Cerveja Pilsen Heilige 500Ml','Cerveja Pilsen Heilige 500Ml','S'),(93,'Cerveja Pilsen Extra Heilige 500Ml','Cerveja Pilsen Extra Heilige 500Ml','S'),(94,'Cerveja Pale Ale Heilige 500Ml','Cerveja Pale Ale Heilige 500Ml','S'),(96,'Cerveja Red Ale Heilige 500Ml','Cerveja Red Ale Heilige 500Ml','S'),(98,'Água Mineral Da Pedra 1,5L S/Gás Pet','Água Mineral Da Pedra 1,5L S/Gás Pet','S'),(100,'Cerveja APA Heilige 500Ml','Cerveja APA Heilige 500Ml','S'),(101,'Cerveja Bohemian Pilsner Heilige 500Ml','Cerveja Bohemian Pilsner Heilige 500Ml','S'),(102,'Cerveja Polar 473Ml Lata','Cerveja Polar 473Ml Lata','S'),(103,'Cerveja Polar 600Ml','Cerveja Polar 600Ml','S'),(104,'Cerveja Polar 355Ml Long Neck','Cerveja Polar 355Ml Long Neck','S'),(105,'Cerveja Polar 1L','Cerveja Polar 1L','S'),(106,'Cerveja Polar 350Ml Lata','Cerveja Polar 350Ml Lata','S'),(107,'Cerveja Brahma 350Ml Lata','Cerveja Brahma 350Ml Lata','S'),(108,'Cerveja Brahma 355Ml Long Neck','Cerveja Brahma 355Ml Long Neck','S'),(109,'Cerveja Brahma 473Ml Lata','Cerveja Brahma 473Ml Lata','S'),(110,'Cerveja Brahma 600Ml','Cerveja Brahma 600Ml','S'),(111,'Cerveja Brahma 1L','Cerveja Brahma 1L','S'),(112,'Cerveja Budweiser 350Ml Lata','Cerveja Budweiser 350Ml Lata','S'),(113,'Cerveja Budweiser 355Ml Long Neck','Cerveja Budweiser 355Ml Long Neck','S'),(114,'Cerveja Budweiser 600Ml','Cerveja Budweiser 600Ml','S'),(115,'Cerveja Budweiser 473Ml Lata','Cerveja Budweiser 473Ml Lata','S'),(116,'Cerveja Heiniken 350Ml Lata','Cerveja Heiniken 350Ml Lata','S'),(117,'Cerveja Heniken 355Ml Long Neck','Cerveja Heniken 355Ml Long Neck','S'),(118,'Cerveja Heiniken 600Ml','Cerveja Heiniken 600Ml','S');
/*!40000 ALTER TABLE `produtos` ENABLE KEYS */;
UNLOCK TABLES;

--
-- Table structure for table `produtos_distribuidora`
--

DROP TABLE IF EXISTS `produtos_distribuidora`;
/*!40101 SET @saved_cs_client     = @@character_set_client */;
/*!40101 SET character_set_client = utf8 */;
CREATE TABLE `produtos_distribuidora` (
  `ID_PROD_DIST` bigint(20) NOT NULL AUTO_INCREMENT,
  `ID_PROD` int(11) NOT NULL,
  `ID_DISTRIBUIDORA` int(11) NOT NULL,
  `VAL_PROD` decimal(12,2) DEFAULT NULL,
  `FLAG_ATIVO` char(1) DEFAULT NULL,
  PRIMARY KEY (`ID_PROD_DIST`),
  KEY `FK_REFERENCE_1` (`ID_PROD`),
  KEY `FK_REFERENCE_2` (`ID_DISTRIBUIDORA`),
  CONSTRAINT `FK_REFERENCE_1` FOREIGN KEY (`ID_PROD`) REFERENCES `produtos` (`ID_PROD`),
  CONSTRAINT `FK_REFERENCE_2` FOREIGN KEY (`ID_DISTRIBUIDORA`) REFERENCES `distribuidora` (`ID_DISTRIBUIDORA`)
) ENGINE=InnoDB AUTO_INCREMENT=599 DEFAULT CHARSET=utf8 COMMENT='Fks: id_prod_distr ou por (id_distribuidora + id_produto). ';
/*!40101 SET character_set_client = @saved_cs_client */;

--
-- Dumping data for table `produtos_distribuidora`
--

LOCK TABLES `produtos_distribuidora` WRITE;
/*!40000 ALTER TABLE `produtos_distribuidora` DISABLE KEYS */;
INSERT INTO `produtos_distribuidora` (`ID_PROD_DIST`, `ID_PROD`, `ID_DISTRIBUIDORA`, `VAL_PROD`, `FLAG_ATIVO`) VALUES (397,1,1,7.55,'S'),(398,2,1,4.60,'S'),(399,3,1,9.28,'S'),(400,4,1,21.54,'S'),(401,5,1,20.84,'S'),(402,6,1,17.66,'S'),(403,7,1,12.33,'S'),(404,8,1,25.84,'S'),(405,9,1,12.91,'S'),(406,10,1,27.00,'S'),(407,11,1,8.27,'S'),(408,12,1,9.09,'S'),(409,13,1,10.18,'S'),(410,14,1,26.08,'S'),(411,15,1,15.57,'S'),(412,16,1,17.31,'S'),(413,17,1,5.30,'S'),(414,18,1,23.80,'S'),(415,19,1,14.20,'S'),(416,20,1,18.14,'S'),(417,21,1,16.08,'S'),(418,22,1,21.19,'S'),(419,23,1,19.75,'S'),(420,24,1,29.40,'S'),(421,25,1,9.61,'S'),(422,26,1,24.11,'S'),(423,27,1,22.72,'S'),(424,28,1,24.74,'S'),(425,29,1,24.40,'S'),(426,30,1,19.43,'S'),(427,31,1,1.57,'S'),(428,32,1,16.78,'S'),(429,33,1,22.53,'S'),(430,34,1,19.78,'S'),(431,35,1,9.10,'S'),(432,36,1,4.25,'S'),(433,37,1,3.42,'S'),(434,38,1,29.13,'S'),(435,39,1,22.38,'S'),(436,40,1,25.81,'S'),(437,41,1,27.32,'S'),(438,42,1,25.06,'S'),(439,43,1,15.86,'S'),(440,44,1,15.19,'S'),(441,45,1,2.31,'S'),(442,46,1,20.23,'S'),(443,47,1,23.77,'S'),(444,48,1,6.31,'S'),(445,49,1,15.39,'S'),(446,50,1,12.24,'S'),(447,51,1,8.35,'S'),(448,52,1,13.05,'S'),(449,53,1,9.85,'S'),(450,54,1,6.75,'S'),(451,55,1,12.28,'S'),(452,57,1,21.03,'S'),(453,58,1,13.17,'S'),(454,59,1,15.56,'S'),(455,64,1,16.18,'S'),(456,65,1,9.18,'S'),(457,66,1,3.67,'S'),(458,67,1,10.58,'S'),(459,68,1,7.11,'S'),(460,69,1,26.54,'S'),(461,72,1,19.37,'S'),(462,73,1,7.88,'S'),(463,74,1,7.70,'S'),(464,76,1,14.94,'S'),(465,77,1,14.46,'S'),(466,78,1,22.92,'S'),(467,79,1,23.78,'S'),(468,86,1,14.63,'S'),(469,87,1,19.75,'S'),(470,88,1,26.18,'S'),(471,89,1,11.46,'S'),(472,90,1,11.80,'S'),(473,91,1,20.51,'S'),(474,92,1,28.28,'S'),(475,93,1,21.10,'S'),(476,94,1,13.03,'S'),(477,96,1,4.94,'S'),(478,98,1,18.49,'S'),(479,100,1,12.89,'S'),(480,101,1,4.33,'S'),(481,102,1,10.67,'S'),(482,103,1,29.19,'S'),(483,104,1,10.40,'S'),(484,105,1,24.81,'S'),(485,106,1,15.70,'S'),(486,107,1,23.67,'S'),(487,108,1,16.18,'S'),(488,109,1,5.76,'S'),(489,110,1,24.99,'S'),(490,111,1,28.54,'S'),(491,112,1,21.84,'S'),(492,113,1,18.75,'S'),(493,114,1,14.38,'S'),(494,115,1,23.82,'S'),(495,116,1,10.71,'S'),(496,117,1,16.18,'S'),(497,118,1,28.95,'S'),(498,1,2,10.01,'S'),(499,2,2,14.87,'S'),(500,3,2,8.82,'S'),(501,4,2,28.04,'S'),(502,5,2,16.86,'S'),(503,6,2,15.57,'S'),(504,7,2,11.44,'S'),(505,8,2,21.45,'S'),(506,9,2,5.22,'S'),(507,10,2,1.55,'S'),(508,11,2,5.43,'S'),(509,12,2,20.31,'S'),(510,13,2,26.91,'S'),(511,14,2,26.09,'S'),(512,15,2,27.54,'S'),(513,16,2,19.64,'S'),(514,17,2,3.85,'S'),(515,18,2,9.97,'S'),(516,19,2,27.77,'S'),(517,20,2,18.25,'S'),(518,21,2,7.21,'S'),(519,22,2,11.90,'S'),(520,23,2,2.23,'S'),(521,24,2,3.70,'S'),(522,25,2,5.79,'S'),(523,26,2,19.64,'S'),(524,27,2,20.50,'S'),(525,28,2,18.50,'S'),(526,29,2,28.94,'S'),(527,30,2,26.34,'S'),(528,31,2,19.88,'S'),(529,32,2,9.58,'S'),(530,33,2,21.94,'S'),(531,34,2,15.56,'S'),(532,35,2,4.27,'S'),(533,36,2,7.75,'S'),(534,37,2,11.64,'S'),(535,38,2,25.47,'S'),(536,39,2,14.60,'S'),(537,40,2,24.24,'S'),(538,41,2,10.32,'S'),(539,42,2,8.76,'S'),(540,43,2,19.68,'S'),(541,44,2,24.43,'S'),(542,45,2,21.07,'S'),(543,46,2,12.20,'S'),(544,47,2,5.03,'S'),(545,48,2,1.30,'S'),(546,49,2,4.95,'S'),(547,50,2,25.46,'S'),(548,51,2,22.30,'S'),(549,52,2,22.41,'S'),(550,53,2,20.66,'S'),(551,54,2,8.66,'S'),(552,55,2,10.08,'S'),(553,57,2,7.06,'S'),(554,58,2,25.46,'S'),(555,59,2,9.04,'S'),(556,64,2,29.28,'S'),(557,65,2,1.27,'S'),(558,66,2,20.68,'S'),(559,67,2,26.25,'S'),(560,68,2,25.45,'S'),(561,69,2,25.57,'S'),(562,72,2,22.71,'S'),(563,73,2,26.89,'S'),(564,74,2,12.29,'S'),(565,76,2,22.54,'S'),(566,77,2,27.72,'S'),(567,78,2,28.31,'S'),(568,79,2,8.78,'S'),(569,86,2,17.57,'S'),(570,87,2,8.10,'S'),(571,88,2,17.14,'S'),(572,89,2,10.86,'S'),(573,90,2,17.32,'S'),(574,91,2,6.81,'S'),(575,92,2,14.33,'S'),(576,93,2,19.04,'S'),(577,94,2,25.44,'S'),(578,96,2,16.25,'S'),(579,98,2,13.24,'S'),(580,100,2,13.30,'S'),(581,101,2,7.30,'S'),(582,102,2,18.75,'S'),(583,103,2,10.87,'S'),(584,104,2,1.27,'S'),(585,105,2,6.69,'S'),(586,106,2,18.33,'S'),(587,107,2,6.29,'S'),(588,108,2,25.08,'S'),(589,109,2,11.82,'S'),(590,110,2,9.76,'S'),(591,111,2,22.29,'S'),(592,112,2,4.71,'S'),(593,113,2,25.98,'S'),(594,114,2,19.49,'S'),(595,115,2,16.38,'S'),(596,116,2,16.89,'S'),(597,117,2,27.09,'S'),(598,118,2,25.71,'S');
/*!40000 ALTER TABLE `produtos_distribuidora` ENABLE KEYS */;
UNLOCK TABLES;

--
-- Table structure for table `sys_parametros`
--

DROP TABLE IF EXISTS `sys_parametros`;
/*!40101 SET @saved_cs_client     = @@character_set_client */;
/*!40101 SET character_set_client = utf8 */;
CREATE TABLE `sys_parametros` (
  `COD_CIDADE` int(11) DEFAULT NULL,
  `ID_USUARIO_ADMIN` bigint(20) DEFAULT NULL,
  `FLAG_MANUTENCAO` char(1) DEFAULT NULL,
  `DESC_KEY` text,
  `SEGS_TESTE_AJAX` bigint(20) DEFAULT NULL,
  `FACE_APP_ID` bigint(20) DEFAULT NULL,
  `FACE_APP_SECRETKEY` text,
  `FACE_APP_TOKEN` text,
  `FACE_REDIRECT_URI` text,
  `url_system` text,
  `sys_host_name_smtp` text,
  `sys_smtp_port` int(11) DEFAULT NULL,
  `sys_email` text,
  `sys_senha` text,
  `sys_fromemail` text,
  `sys_fromdesc` text,
  `sys_tls` char(1) DEFAULT NULL,
  `id_visitante` bigint(20) DEFAULT NULL,
  `PED_HORASOKEY` int(11) DEFAULT NULL,
  `NUM_TEMPOMAXCANC_MINUTO` int(11) DEFAULT NULL,
  KEY `FK_REFERENCE_26` (`COD_CIDADE`),
  KEY `FK_REFERENCE_27` (`ID_USUARIO_ADMIN`),
  CONSTRAINT `FK_REFERENCE_26` FOREIGN KEY (`COD_CIDADE`) REFERENCES `cidade` (`COD_CIDADE`),
  CONSTRAINT `FK_REFERENCE_27` FOREIGN KEY (`ID_USUARIO_ADMIN`) REFERENCES `usuario` (`ID_USUARIO`)
) ENGINE=InnoDB DEFAULT CHARSET=utf8;
/*!40101 SET character_set_client = @saved_cs_client */;

--
-- Dumping data for table `sys_parametros`
--

LOCK TABLES `sys_parametros` WRITE;
/*!40000 ALTER TABLE `sys_parametros` DISABLE KEYS */;
INSERT INTO `sys_parametros` (`COD_CIDADE`, `ID_USUARIO_ADMIN`, `FLAG_MANUTENCAO`, `DESC_KEY`, `SEGS_TESTE_AJAX`, `FACE_APP_ID`, `FACE_APP_SECRETKEY`, `FACE_APP_TOKEN`, `FACE_REDIRECT_URI`, `url_system`, `sys_host_name_smtp`, `sys_smtp_port`, `sys_email`, `sys_senha`, `sys_fromemail`, `sys_fromdesc`, `sys_tls`, `id_visitante`, `PED_HORASOKEY`, `NUM_TEMPOMAXCANC_MINUTO`) VALUES (1,1,'N','LxLnKYU3QbR6HmLHCyAGKQ',5,175654116193796,'f8e7da8769ea82db5ddf015cb911bd9d','175654116193796|63Vwiy3C7K38l2rkyxTawKs30k4','http://localhost:4400/oauthcallback.html','http://localhost:8080/m_16/','smtp.live.com',587,'g.kothe@hotmail.com','','g.kothe@hotmail.com','TragoAqui','S',2,0,45);
/*!40000 ALTER TABLE `sys_parametros` ENABLE KEYS */;
UNLOCK TABLES;

--
-- Table structure for table `usuario`
--

DROP TABLE IF EXISTS `usuario`;
/*!40101 SET @saved_cs_client     = @@character_set_client */;
/*!40101 SET character_set_client = utf8 */;
CREATE TABLE `usuario` (
  `ID_USUARIO` bigint(20) NOT NULL AUTO_INCREMENT,
  `DESC_NOME` text,
  `DESC_TELEFONE` varchar(50) DEFAULT NULL,
  `DESC_USER` varchar(50) DEFAULT NULL,
  `DESC_SENHA` varchar(50) DEFAULT NULL,
  `DESC_EMAIL` varchar(150) DEFAULT NULL,
  `COD_CIDADE` int(11) DEFAULT NULL,
  `DESC_ENDERECO` text,
  `DESC_ENDERECO_NUM` varchar(20) DEFAULT NULL,
  `DESC_ENDERECO_COMPLEMENTO` varchar(20) DEFAULT NULL,
  `COD_BAIRRO` int(11) DEFAULT NULL,
  `DESC_CARTAO` varchar(20) DEFAULT NULL,
  `DATA_EXP_MES` int(11) DEFAULT NULL,
  `DATA_EXP_ANO` int(11) DEFAULT NULL,
  `DESC_CARDHOLDERNAME` text,
  `PAY_ID` text,
  `DESC_CPF` varchar(15) DEFAULT NULL,
  `FLAG_FACEUSER` char(1) DEFAULT NULL,
  `ID_USER_FACE` bigint(20) DEFAULT NULL,
  `FLAG_ATIVADO` char(1) DEFAULT NULL,
  `CHAVE_ATIVACAO` varchar(100) DEFAULT NULL,
  `DESC_NOVOEMAILVALIDACAO` varchar(150) DEFAULT NULL,
  `CHAVE_ATIVACAO_NOVOEMAIL` varchar(100) DEFAULT NULL,
  `FLAG_MAIORIDADE` char(1) DEFAULT NULL,
  PRIMARY KEY (`ID_USUARIO`),
  KEY `FK_REFERENCE_5` (`COD_BAIRRO`),
  KEY `FK_REFERENCE_7` (`COD_CIDADE`),
  CONSTRAINT `FK_REFERENCE_5` FOREIGN KEY (`COD_BAIRRO`) REFERENCES `bairros` (`COD_BAIRRO`),
  CONSTRAINT `FK_REFERENCE_7` FOREIGN KEY (`COD_CIDADE`) REFERENCES `cidade` (`COD_CIDADE`)
) ENGINE=InnoDB AUTO_INCREMENT=18 DEFAULT CHARSET=utf8;
/*!40101 SET character_set_client = @saved_cs_client */;

--
-- Dumping data for table `usuario`
--

LOCK TABLES `usuario` WRITE;
/*!40000 ALTER TABLE `usuario` DISABLE KEYS */;
INSERT INTO `usuario` (`ID_USUARIO`, `DESC_NOME`, `DESC_TELEFONE`, `DESC_USER`, `DESC_SENHA`, `DESC_EMAIL`, `COD_CIDADE`, `DESC_ENDERECO`, `DESC_ENDERECO_NUM`, `DESC_ENDERECO_COMPLEMENTO`, `COD_BAIRRO`, `DESC_CARTAO`, `DATA_EXP_MES`, `DATA_EXP_ANO`, `DESC_CARDHOLDERNAME`, `PAY_ID`, `DESC_CPF`, `FLAG_FACEUSER`, `ID_USER_FACE`, `FLAG_ATIVADO`, `CHAVE_ATIVACAO`, `DESC_NOVOEMAILVALIDACAO`, `CHAVE_ATIVACAO_NOVOEMAIL`, `FLAG_MAIORIDADE`) VALUES (1,'Teste da Silvasssss','999999','f','ty','',1,'Rua alguma do bairro',NULL,NULL,3,'',NULL,NULL,NULL,NULL,NULL,NULL,NULL,'S',NULL,'g.kothe@hotmail.com','15b3pdcibe1o24e67kemfn7gvar981idnd8e5or6kscmuu2olf3jdcig6b4d0ejec0n9bc37trilnd7kth5ervfmbee0geam431',NULL),(2,'Visitante',NULL,'v','v',NULL,1,NULL,NULL,NULL,31,NULL,NULL,NULL,NULL,NULL,NULL,NULL,NULL,'V',NULL,NULL,NULL,''),(16,'Gabriel Baierle',NULL,'bielbaierle@hotmail.com','gpici799d5ajsfoptdeujot4f3','bielbaierle@hotmail.com',NULL,NULL,NULL,NULL,NULL,NULL,NULL,NULL,NULL,NULL,NULL,'S',1098082656936831,'S',NULL,NULL,NULL,NULL),(17,'Gabriel Dalcin Kothe','5184970310','g.kothe@hotmail.com','gg','g.kothe@hotmail.com',1,'borges de medeiros ','715','sobrado',30,'4235647728025682',12,2016,'APRO','master','55909483200','S',1044925118957062,'S',NULL,NULL,NULL,'S');
/*!40000 ALTER TABLE `usuario` ENABLE KEYS */;
UNLOCK TABLES;
/*!40103 SET TIME_ZONE=@OLD_TIME_ZONE */;

/*!40101 SET SQL_MODE=@OLD_SQL_MODE */;
/*!40014 SET FOREIGN_KEY_CHECKS=@OLD_FOREIGN_KEY_CHECKS */;
/*!40014 SET UNIQUE_CHECKS=@OLD_UNIQUE_CHECKS */;
/*!40101 SET CHARACTER_SET_CLIENT=@OLD_CHARACTER_SET_CLIENT */;
/*!40101 SET CHARACTER_SET_RESULTS=@OLD_CHARACTER_SET_RESULTS */;
/*!40101 SET COLLATION_CONNECTION=@OLD_COLLATION_CONNECTION */;
/*!40111 SET SQL_NOTES=@OLD_SQL_NOTES */;

-- Dump completed on 2016-10-27 16:09:58
